Artist,Song,Id,Popularity
Camila Gallardo,Ven,7eEdZKfreDKafp0FuLKDET,67
CNCO,Hey DJ,209gZgcfLq2aUuu51vOWBl,81
Miguel Rios,Santa Lucia - Remastered,1Ok4Rurnuup8kV8VNbOOwb,46
Tequila,Dime Que Me Quieres,6KYDS6LAaMe2D7xikLYZZL,44
Stars On 45,Stars On 45 - Original Single Version,3MJOiicdOtPcXg0uuvM1VL,44
Miguel Rios,Jugando A Vivir - Remastered,5DeCswUq94TLcTs0PCTgih,5
Triana,Una noche de amor desesperada,685pSRiL9NEQYt0gRZ46L9,34
Lila Downs,Que Nadie Sepa Mi Sufrir,6kYIZQ1uG6hu0FltPc5CzD,50
Funn Club,Hands Up (Give Me Your Heart),3jycjf25QsaEjO8pYpWRSC,0
Joan Manuel Serrat,No Hago Otra Cosa Que Pensar en Ti,0t3yaLPmfvNfsShotQeXxs,43
Grace VanderWaal,So Much More Than This,599hlIX8JXS7RNYvQ3EPCQ,75
Felipe Santos,Ã‰ramos tÃº y yo,1kbs9WhfvoIUwm7SfHaddu,68
JosÃ© Luis RodrÃ­guez,Un Toque De Locura,5w12IWT3rdYiggTuEqgcHO,30
Eve St. Jones,Just an Illusion,03WPtWOEHFNI1dqhtVuSQU,45
Delia Rubens,Los Nardos - Las Leandras (Montilla),0wpOevB4bN4UCaX5MUwVsX,16
LeÃ±o,Â¡Que Tire la Toalla!,2yMrTa5c3YV8kv2o4sLami,32
Shotta,Felicidad,5yUR6jfhuKJNwUtYo52t2q,52
Laura Pausini,Dos Enamorados,1WPp7vI3CWROtgJ4kcYkgt,32
Indeep,Last Night a D.J. Saved My Life,34jtsFqKNRSJFa0r6ZRqQh,58
Miguel Rios,El Rock De Una Noche De Verano - En Directo / 2017,23l2w3igJeeB73PwGwNDRx,27
El Barrio,No VolverÃ©,0UpLygEYxKfZWvzyQfUK8g,43
Mike Oldfield,Moonlight Shadow,5Jc21xaya2MrHp2KOetrBq,62
Rod Stewart,Baby Jane - 2008 Remastered Version,1wrT33b6HuKlpk9ziscEUY,55
The Police,Every Breath You Take - Remastered 2003,5C0LFQARavkPpn7JgA4sLk,79
Donna Summer,She Works Hard For The Money,4HUtl3utOjpVEEXiXJmXVj,52
Joan Manuel Serrat,Cada Loco Con Su Tema,1thgvw4iBQEUTzcGKOPwhy,27
Kiko y Shara,Adolescentes,29699gQVPOc6cLocZJMsRT,38
Pato De Goma,Piel De Terciopelo,1ZDHk6jmqD4RJaxtKpS7CW,1
Merche,Noche de San Juan,5bgIPTp5vgOUurl5ECygmM,54
Pecos,Si Tu los Vieras,0iVbTGxMvrEzayioeQtwfc,18
Joanna Wang,Wild World - Acoustic Version,0ZWSpn7UgqAp4exbKEUD5g,63
Efecto Pasillo,Cerca de ti,2TggjdTtBxew83GlBFBusf,32
OneRepublic,Rich Love (with Seeb),7aF09WaavZAmAWuUeYxlYD,79
Rodolfo Aicardi,La Colegiala,7rDIiNyDgqUb6WQOgskiiF,48
Amaia Romero,Te Recuerdo Amanda,2pEaxgbRtvoOCKJ7gA0DI6,50
Gonzalo SÃ¡nchez,Camarero...,5OUlxvj8lE6rz1tMGAXmaB,15
Duran Duran,A View To A Kill,3O9zeBmAi5JRBMSpIQGx2v,56
Sting,If You Love Somebody Set Them Free,29nWaC9pd3FRFOxxRmJRtO,46
Opus,Live Is Life (digitally remastered) - Single Version,5luOvrlnzfvJQdQjrScVj4,61
Modern Talking,You Can Win If You Want,2pZbERJUZsfkKRn1EU1mgD,48
La Mosca Tse-Tse,Baila Para Mi,2vwJC3c69M9B8WJpVUoKix,43
Queen,A Kind Of Magic - Remastered 2011,5RYLa5P4qweEAKq5U1gdcK,60
Cali Y El Dandee,Yo Te EsperarÃ©,7CSj1zTMJxSz7bnHxgGsSF,63
Paolo Salvatore,El Tomavistas,6XPTT2ATlSOn3c90JJ3Lu1,7
Paulo Londra,Nena Maldicion (feat. Lenny Tavarez),3TnhQSRwT3AVMdXw5JPq0x,83
Wax,Right Between the Eyes,5vm0CC2xkzqr3sPsmDGZOX,44
Mecano,Ay Que Pesado,2JLvwadQSPq6aFEuekTJYf,47
Flies on the Square Egg,Dancing in Paris - Que Pasa,19n7JRwmIQiopMMUJRU3Og,0
Primeros LÃ­deres,"Hey, Mademoiselle",6B3o2MNX01i8yiq6PEkcKD,15
Billie Holiday,Easy Living,0XsbCr34semDxq0ZX84BCh,57
JosÃ© Alfredo Jimenez,Sonaron cuatro balazos,2r6uxmPn7gNchPnC7s36Ui,11
Status Quo,In The Army Now,6TPAhgpBvhMIDUzmDnWJmj,57
Duncan Dhu,Jardin De Rosas,03pFLwXbMOfEjGcoCKqd0l,44
Ole Ole,Sola (Con Un Desconocido),7pqTE8rWJUZ74M3rpDbLzP,33
George Ezra,Budapest,7GJClzimvMSghjcrKxuf1M,77
Kike Rodriguez,Cuerpos Calientes 2.0,6wCJ4ODkk0F8lVJlF53QKN,7
Nek,Laura no estÃ,5jbG38paHIeVJc57uXUNYt,60
Massive Attack,Unfinished Sympathy - 2012 Mix/Master,0j5FJJOmmnXPd0XajFWkMF,60
Orquesta Mondragon,Ellos Las Prefieren Gordas,4unmzD7whZIjevG0AxVQD9,29
Duncan Dhu,Una Calle De Paris,4A2RJRAz3lFGbvHEcZEQ7m,47
Eddy Grant,Gimme Hope Jo'anna,6295Cr4SGdjJgnJ6DLtZFn,46
Gabinete Caligari,Suite Nupcial,0sqT0hBYttZiNbkS4FmRvM,31
Bomba EstÃ©reo,To My Love - Tainy Remix,5LciLoxa1gK70yIUeoHgRx,85
Aitana,Chas! Y Aparezco A Tu Lado - OperaciÃ³n Triunfo 2017,4WmjtI7srDRXNcrWmzKY6b,56
Ameritz Spanish Karaoke,Ya No Danzo Al Son De Los Tambores (Karaoke Version),2R45wKruseO3jrJc8ObZVV,2
Ramoncin,AyÃºdame - No Soy Un Heroe,0chJXAPT94oIVYpqppOSza,15
El Canto Del Loco,La Madre de Jose,3l8Ennt1PqShViwh0tkWuc,55
R3HAB,Lullaby,0DhkTGjEaIHaSxTfC14BFm,84
Luz Casal,Te Deje Marchar,107S7ETljEbvsoLV9Tb92a,36
Metronomy,The Look,6zfczP87XO2SxWlQtnjFNa,69
Arctic Monkeys,I Want It All,1j9rezdE3YeC7yktZXC1em,64
Paul McCartney,My Brave Face - Remastered 2017,26zWA8YdYZUbFBqltv2BZ7,42
The Refrescos,Aqui No Hay Playa,6P1Lksu4JnHZhxwn8svo7x,42
Loquillo,Cadillac solitario,3VNxbWlw9oVvxSnSbeiCBb,53
Fine Young Cannibals,Good Thing,76ZnyGfjQZSM8GPfR7OqiJ,59
The Refrescos,Aqui No Hay Playa,6P1Lksu4JnHZhxwn8svo7x,42
Little Mix,Power,02gj0J38nzyO9lNi9mzi3A,76
Ole Ole,Soldados Del Amor,1XqZguUL9umRntelHpC9fj,26
RozalÃ©n,El Hijo De La Abuela,1nvjmebX8GiYG4RSz4240H,52
Audio Idols,Little Saint Nick (Originally Performed By The Beach Boys) [Karaoke Version],6BqCjAFchkyPzM1GvZb30k,0
Los Ronaldos,Ya No Me EngaÃ±as,77JBz2HNDk5Bzik3Esev6V,10
Radio Futura,CorazÃ³n de Tiza,3jepmVUMdx94GXirWw3cAZ,44
Whitney Houston,Step by Step,5dEBcymDDG9TUjJnAouOPp,52
Nat King Cole,Let There Be Love,2YsxdgfdysICWS4Mrn25hd,53
Seguridad Social,Chiquilla,4eJikwHYHJ3yMg1tvS1Mom,53
Locomia,Loco Vox,2hATpzM8Rq6mNqBh2yfXq3,35
Mecano,El 7 de Septiembre,682wKNJue9FGWvwhsFOW90,54
La Frontera,Palabras De Fuego,3ErynjjrmVXTgZ17qmFhRM,10
Damaco,Narcos de papel,55LKNrokXU6YkjAxHEYvBv,42
Chick Corea,My One And Only Love - Digitally Remastered,21WlpZiXLelHjdoMUhHfrm,56
No Me Pises Que Llevo Chanclas,El Amoto,4VZTcVDWzvuoUVapfxQFZO,19
George White Group,Gypsy Woman (She Is Homeless),52VPad07PAiKVkcQ2KvfWI,48
Def Leppard,Let's Get Rocked - Live,3ouuYDMbf3HYaC0AwBf3cA,33
Boyce Avenue,Better Days,4M2dlNA3trSC6tgNfoMrK8,35
Celtas Cortos,Cuentame Un Cuento,7uou7DWqEQSNfxcfipxyIu,51
Fran Perea,Voy a pensar en ti,6xXt7g7IB5oeDPQI3ki1zM,26
Terapia Nacional,Por verte feliz,4L0XLD4ivW8QDPP80uD30l,8
Tennessee,Dame tu amistad,4vkatSQuyXRQlzQaACoe6t,8
Michael Jackson,In the Closet,5Fy40smNxk0j5OpFMtvfaU,59
Mecano,Una Rosa Es una Rosa,0uFWKpWbWTpttXBUB6UG3U,41
Dua Lipa,Be The One,1ixphys4A3NEXp6MDScfih,75
Dire Straits,Your Latest Trick,6rg61PBHTfEDvgNt7MNhyU,62
Ace of Base,All That She Wants,6kWJvPfC4DgUpRsXKNa9z9,69
Snow,Informer,2LjiPAQOVazT8sRyXL3XRs,64
La Polla Records,Ellos Dicen Mierda,1pQvhzRnObih9msA91xDq7,51
Sting,Fields Of Gold,1exUmVPVMO5cIKSaup8qpI,65
Los Secretos,Amiga mala suerte - Remaster 2017,5X89PR3jmLRx88CbykI76A,25
Carlos Vives,Fruta Fresca,1lcaG7worZLgdGuniOfGje,61
Bely Basarte,(I Can't Help) Falling In Love With You - Can't Help Falling In Love,3WXURJDWa3YGUQtVMYrXfK,51
Los Rodriguez,Sin documentos,6mOZfn6CVXsX1Tt0l3thm3,51
Javiera Mena,Dentro de ti,5ydEutdJtu94qLezDIH7RB,52
Big Mountain,"Baby, I Love Your Way",1Rvl8qsKJurfFTyWLBI9ib,71
Pink Floyd,What Do You Want From Me - 2011 Remastered Version,6O5w78nzFazfs1W8DQHMeQ,52
Xhelazz,La Soledad Comienza,0vLJOfGD9un0zK5K4UlTO4,49
"Jose Alberto ""El Canario""",La Paella,5QQEbbd7qUx0ImSB2nyqJS,33
SFDK,Manos en el Aire,6haNScJR9trHxGYiaPIkMy,46
Mano Negra,Senor Matanza,2uR6DAqwZCfDeD6jFrD5zA,46
Astola,Somos el futuro,7fmy5dmgSpXyuBga0ujoGD,26
Violadores Del Verso,Capricornio,2OKQgVzLETtbZHgzzcGDo2,33
HEDEGAARD,Salvation,5eaNEyQKIioVDALBZpPpjx,64
Demarco Flamenco,Â¿QuÃ© nos ha pasado? (feat. MarÃ­a ArtÃ©s Lamorena),3geqUCLIb5QEtSw62Ubi3I,54
Fools Garden,Lemon Tree,4fXGWiVhlOLdhwRDP6pIFG,72
Los Rodriguez,Mucho Mejor,06xLo8Oa53wmBMdWcIsqPL,52
Bryan Adams,The Only Thing That Looks Good On Me Is You,4u1JgQNlJWdCGPf5AeEFlu,43
Metallica,Until It Sleeps,2M2XIGKd4sF8GcYteFN9n2,56
La Oreja de Van Gogh,Estoy Contigo,30sfbddp6p6Y33VCSf8QPQ,61
Danza Invisible,A Sudar,2WqbptEOYjaXdXmg38OiE4,15
Rosana,El talisman,6MAc5O4zy04wUPQJNqJz5Q,50
HEDEGAARD,Salvation,5eaNEyQKIioVDALBZpPpjx,64
Demarco Flamenco,Â¿QuÃ© nos ha pasado? (feat. MarÃ­a ArtÃ©s Lamorena),3geqUCLIb5QEtSw62Ubi3I,54
Fools Garden,Lemon Tree,4fXGWiVhlOLdhwRDP6pIFG,72
Los Rodriguez,Mucho Mejor,06xLo8Oa53wmBMdWcIsqPL,52
Bryan Adams,The Only Thing That Looks Good On Me Is You,4u1JgQNlJWdCGPf5AeEFlu,43
Metallica,Until It Sleeps,2M2XIGKd4sF8GcYteFN9n2,56
La Oreja de Van Gogh,Estoy Contigo,30sfbddp6p6Y33VCSf8QPQ,61
Danza Invisible,A Sudar,2WqbptEOYjaXdXmg38OiE4,15
Rosana,El talisman,6MAc5O4zy04wUPQJNqJz5Q,50
Blur,Song 2 - 2012 Remastered Version,1FTSo4v6BOZH9QxKc3MbVM,77
Lisa Stansfield,The Real Thing - Remastered,2wGnu8vWSqMADTnt7Nv1if,56
Michael Jackson,Blood on the Dance Floor,11lw4bWbmxWIETHitBU0Gc,58
Skank,Garota Nacional,7DoBn08dqKS9MmtZiZChVD,53
Navajita Platea,FrÃ­o Sin Ti (feat. Buika),6LmDlsjfQvRaVIMBPNTt5e,33
Hanson,MMMBop - Single Version,4PgPnzbAgjCQ2eA6YAWcUw,65
Celtas Cortos,Haz Turismo,1OblAw2OcZstaZf8OzINkP,30
Gritando en Silencio,A la luz de una sonrisa,5Fronw7eoL0huzCEYSZe80,39
The Offspring,Staring At The Sun,0w9HCom5v1vqXWOLYjlBqe,58
Alabama Shakes,Gimme All Your Love,3DH42U4bDllHWK6tQc4OQF,56
Eagle-Eye Cherry,Save Tonight,2hdhm6piUJnmKXmEmskXCg,75
Hoobastank,Out Of Control,4ZBLFgkbSB0YGsooiVejSz,56
The Corrs,What Can I Do,4rvT5iZVOCJeXZrDvy6JFK,55
The Stooges,Gimme Danger - Alternate 'Violent' Iggy Mix,77bHrxVX3E2SWopfaoWrTw,52
Dj Kun,Ponle Sabor,0QgJfd7JvIGdSfqBVLrnv3,25
Train,"Hey, Soul Sister",0KpfYajJVVGgQ32Dby7e9i,80
King Africa,La Bomba,5UmGJS0jd1r52OjnNvVHvU,54
Baby Lullaby,What a Wonderful World,3yFZkItlxeh52hgxDBzVzx,39
Ricky Martin,Livin' la Vida Loca,0Ph6L4l8dYUuXFmb71Ajnd,72
Backstreet Boys,I Want It That Way,5Oku2oz35kTKVFIydi66nz,71
Novedades Carminha,Te Quiero Igual,2uSVvd3DPcKTZuU4wy3pIW,46
Pereza,Si Quieres Bailamos,5mxiP8UGmDwFpbauCddhSR,42
Canned Heat,Going Up The Country,57460SJgSpCXaRJ9YIYHxy,64
Deviot,Wait Here,46s0XjMwCmW6RzxDHyat8h,39
Eiffel 65,Blue (Da Ba Dee) - Gabry Ponte Ice Pop Radio,2yAVzRiEQooPEJ9SYx11L3,74
Black & White Orchestra,Livin In Jam,6kQHjyX7gUbOUf1fI3oHd4,2
Lou Bega,Mambo No. 5 (a Little Bit of...),6x4tKaOzfNJpEJHySoiJcs,78
Dove Cameron,If Only,4RqG1lOyEqtt3XR5TBTCZI,35
Bright Eyes,First Day Of My Life,5OiaAaIMYlCZONyDBxqk4G,73
Raul,SueÃ±o Su Boca,6gMyJAtpnAOU92I9hjpSNe,39
Gloria Estefan,No Me Dejes de Querer,0BydwB73NiipwQLCCkQuwI,34
Demarco Flamenco,Â¿QuÃ© nos ha pasado? (feat. MarÃ­a ArtÃ©s Lamorena),3geqUCLIb5QEtSw62Ubi3I,54
King Africa,La Bomba,5UmGJS0jd1r52OjnNvVHvU,54
Britney Spears,Oops!...I Did It Again,6naxalmIoLFWR0siv8dnQQ,77
Eagles,Hotel California - Remastered,40riOy7x9W7GXjyGp4pjAv,83
ManÃ¡,Rayando el sol,4Ofg5uuH7qqDIXpAJMpXZV,69
Manolo Garcia,Nunca el Tiempo Es Perdido,6jsV9z9GK2CPMByiLVMWXi,54
M-Clan,Maggie Despierta - Maggie May,6pVmnP2zpWqmMTHiwUnpqq,49
R.E.M.,Imitation Of Life,15B0fnVcLSB6ljuI1YQ2RE,54
David Civera,Dile Que La Quiero - Single edit,7j8Wo5QDosh9vMgUGEC32q,31
Manu Chao,Me Gustas TÃš,4tFp1lNlkHiJjtUuL6h3K9,51
Wisin,Prohibida,472NqEgog5347tki6dRLBg,63
Fakear,Out Of Reach,5LP9I3NBzMPQhY73j3NmK2,58
CafÃ© Quijano,Nada de Na,0vhSjNUzGyB6JPjZpGOMxR,40
Marta SÃ¡nchez,Sigo Intentando,15YQFYeg2IowCizPiAZTty,21
Juanes,A Dios Le Pido,7HJKzIgaNgDgo3p3a2ToR6,60
David Civera,Que La Detengan,5HOpug1ZKkrtB6MCIp0cAA,47
Objetivo Miami,AserejÃ© (The Ketchup Song) - Miami Mix,5osy3fEIkLiQPYoQKY5v1J,44
Elvis Presley,A Little Less Conversation - JXL Radio Edit Remix,4l2hnfUx0esSbITQa7iJt0,64
Estopa,Destrangis in the Night,69DpfNk26mtxn2YXeFOIYg,47
Red Hot Chili Peppers,By The Way,1f2V8U1BiWaC9aJWmpOARe,73
Nick Lowe,Cruel To Be Kind,6KtnrjRUp7celmPGrHXEw5,43
David Bisbal,LlorarÃ© Las Penas,5Yqpa7h3XYRmQh3yffEoZm,44
El Canto Del Loco,La Madre de Jose,3l8Ennt1PqShViwh0tkWuc,55
Eros Ramazzotti,Una Emocion para Siempre,32TxjkRcmXd3BNqBPIFMPN,48
Beret,Bye Bye,52kTrxnClzCBgc8pf9SyLU,61
Andy & Lucas,Son de Amores,7BCer0V0I1CZDI6S6kYD44,58
Las Ninas,Oju,1oVRr8tdQ7PgFDmeA8f0iQ,25
Beth,Parando El Tiempo,1pjbS2mrLf4LU6a0DIwOvR,14
BeyoncÃ©,Crazy In Love,5IVuqXILoxVWvWEPm82Jxr,80
La Oreja de Van Gogh,20 de Enero,4XdePl1vOF1cYjTBYeYU9j,55
Fran Perea,Uno mas uno son 7,3Af6XfS90PAZaC4Q2AjPtg,48
Sarayma,Quiero Ser,4Wmp6bPu19nOhQrTGUO1PZ,52
Aventura,Obsesion,65H6t1WQBim6q93yM8fEwn,72
O-Zone,Dragostea Din Tei,2c3sKqWYVJ0NsE3elgRhKH,62
Melendi,Hablando en plata - 2003 Remastered Version,7gHXpZ9RfD5ym9GZWlo35F,54
The Corrs,Summer Sunshine,2oWvlpsmsAsiSeR4b4JdMl,43
Alex Ubago,Cuanto antes,6pNLR4QJOhni2kbdQu00U9,42
Carlinhos Brown,Maria caipirinha?,7tJ4Ybk05D4PpLc6ru3ilk,41
Estopa,Pastillas de Freno,3r8yinbwGj8C0MnZH3ajML,50
Don Omar,Dale Don Dale,4WEJrZwPMwsAUks6GOhnsz,63
Pereza,Princesas,3hlWUNjAlbZ6nOjAbrivBv,64
El Canto Del Loco,Zapatillas,42VgiRyg0YjtRVLiPFNxPJ,58
Coti,Nada Fue Un Error,5QhOF5HXgZ0OFUZSE5kEv1,58
El Canto Del Loco,Zapatillas,42VgiRyg0YjtRVLiPFNxPJ,58
Amaral,DÃ­as de verano,3JhllUTyXy2ceSTzNSErBC,52
The Black Eyed Peas,Don't Phunk With My Heart,3BnvVIFwQXXMGjkW4rWRJj,61
Shakira,Hips Don't Lie,3ZFTkvIE7kyPt6Nu3PEa7V,83
Morat,Besos En Guerra,1d0c62VFYauOOgxZ2eFUxx,80
Chino & Nacho,Me Voy Enamorando - Remix,0nfBKG11Wv2bK8cPjMU5VB,63
Wisin,Todo Comienza en la Disco,3a2aBKuvgP1qHo3BqU3lGh,84
Shakira,Hips Don't Lie,3ZFTkvIE7kyPt6Nu3PEa7V,83
Sofia Reyes,"1, 2, 3 (feat. Jason Derulo & De La Ghetto)",4QtiVmuA88tPQiCOHZuQ5b,91
Amaral,ResurrecciÃ³n,3Y5q9wzGttSBUJdsy7OoPL,40
DubVision,Satellites,5GKPxzqKQgQpCCOjtFwZ2d,58
Amaral,ResurrecciÃ³n,3Y5q9wzGttSBUJdsy7OoPL,40
The Fray,How to Save a Life,5fVZC9GiM4e8vu99W0Xf6J,83
Nelly Furtado,All Good Things (Come To An End),7kcc5egncfK9lfapzrXzqF,34
Snow Patrol,Chasing Cars,0x6Y6ikSyS17NxfhWsgENm,77
MIKA,Grace Kelly,4Sqc0kPuZpfI0T2TZBu8JT,68
Shakira,Las de la IntuiciÃ³n,3uU6dqBjVKRTPis0RrTaT4,61
Nelly Furtado,All Good Things (Come To An End),7kcc5egncfK9lfapzrXzqF,34
Melendi,Calle la Pantomima,5rv6SY8fTA7h1sSIcKv33C,48
Leona Lewis,Bleeding Love,7wZUrN8oemZfsEd1CGkbXE,80
Sean Kingston,Beautiful Girls,1hGy2eLcmC8eKx7qr1tOqx,77
Shawn Mendes,Mercy,0Zxswuv5xzIhxDnsKJLq82,80
Sean Kingston,Beautiful Girls,1hGy2eLcmC8eKx7qr1tOqx,77
Kate Ryan,Ella Elle L A - Radio Version,4t32wWkxODpWp1HnBPp7rm,44
Shawn Mendes,Mercy,0Zxswuv5xzIhxDnsKJLq82,80
Kate Ryan,Ella Elle L A - Radio Version,4t32wWkxODpWp1HnBPp7rm,44
Carlos Baute,Colgando en tus manos (con Marta SÃ¡nchez),3UI9I3e1g1y5T3SMfdgfGO,72
Katy Perry,Hot N Cold,0iGckQFyv6svOfAbAY9aWJ,68
Jason Mraz,I'm Yours,1EzrEOXmMH3G43AXT1y7pA,85
Lady Gaga,Poker Face,1QV6tiMFM6fSOKOGLMHYYg,73
Macaco,Moving,4GmmUEm9e5jlZiZXalRpAk,42
BeyoncÃ©,Halo,4JehYebiI9JE8sR8MisGVb,81
Billie The Vision & The Dancers,Summercat,1uK7U9LJlSdz8Lm5eRn9EM,50
Shakira,Waka Waka (This Time for Africa) (The Official 2010 FIFA World Cup (TM) Song),2Cd9iWfcOpGDHLz6tVA3G4,74
K'NAAN,Wavin' Flag - Coca-ColaÂ® Spanish Celebration Mix,6A6k3P46AFNUOgkK8YkuBc,45
Shakira,Waka Waka (This Time for Africa) (The Official 2010 FIFA World Cup (TM) Song),2Cd9iWfcOpGDHLz6tVA3G4,74
Melendi,DÃ©jala Que Baile,2KK9N6iBAisA0booTu3bGd,70
Pitbull,Give Me Everything,4QNpBfC0zvjKqPJcyqBy9W,75
LMFAO,Party Rock Anthem,7mitXLIMCflkhZiD34uEQI,70
Pitbull,Give Me Everything,4QNpBfC0zvjKqPJcyqBy9W,75
LMFAO,Party Rock Anthem,7mitXLIMCflkhZiD34uEQI,70
David Guetta,Where Them Girls At (feat. Nicki Minaj & Flo Rida),7ks6AZmFcm3Y6PGGxGSmlB,69
Pitbull,Give Me Everything,4QNpBfC0zvjKqPJcyqBy9W,75
Britney Spears,Till the World Ends,38iU2jg98IZZEIJPrP7aWD,64
Cali Y El Dandee,No Hay 2 Sin 3 (Gol),2h5KPebp5GIW4glh1f91j5,36
Carly Rae Jepsen,Call Me Maybe,6HkNDcyWdnFXCBkDV5WXNO,56
Enrique Iglesias,Cuando Me Enamoro,66ggIz6W6hlmlyezLBZDcn,66
Maroon 5,Payphone,1XGmzt0PVuFgQYYnV2It7A,75
Jennifer Lopez,Dance Again,4d2hD63oUGU3s7L66JD0BE,64
Tacabro,Tacata' - Radio Edit,3bioEe7UulLcATyOJaW1Wh,47
JosÃ© de Rico,Rayos de Sol,1d5obgzCOtwq9qaxfe4Hpw,57
Carly Rae Jepsen,Call Me Maybe,6HkNDcyWdnFXCBkDV5WXNO,56
Avicii,I Could Be The One (Avicii Vs. Nicky Romero) - Nicktim / Radio Edit,2bNrvWD9d5Zn9tS8XvcaMk,66
Passenger,Let Her Go,7DFNE7NO0raLIUbgzY2rzm,78
James Hype,More Than Friends,53SnCRcGrB2UCqNGyYZhJD,80
Dani MartÃ­n,Cero,5vCgDt0CtheaWVKzMW5KkO,56
The Wanted,Chasing The Sun,4b4c0oH7PtrPsI86drzgFs,59
Robin Thicke,Blurred Lines,0Rz1KXsP4bhGxs0ffySSSn,72
Icona Pop,I Love It (feat. Charli XCX) - Original Version,3VZQshi4COChhXaz7cLP02,69
Robin Thicke,Blurred Lines,0Rz1KXsP4bhGxs0ffySSSn,72
Ozuna,SÃ­guelo Bailando,5Y9fnynLlIvqtM710MHzfz,92
Rag'n'Bone Man,Human,58zsLZPvfflaiIbNWoA22O,82
INNA,Cola Song (feat. J Balvin),2ZAOEPkOeZTGsjGHWyCThc,63
Twin Bandit,Stolen Dance,6tXrb9kJTmgGOZqpq1powO,67
David Bisbal,No Amanece,4hsFXDlo2VJz7j4UGOKhWR,47
ItaloBrothers,Summer Air,26CfQ8qT2ZAcpbF3PbG9me,54
Nico & Vinz,Am I Wrong,2wqaekenSQZm7hxQOYt8oE,69
Dean Lewis,Waves,64xJ1MMFxxK6osZxJH857T,72
Lost Frequencies,Are You With Me - Radio Edit,1cm7v7dBQDjewVTYlqjUX6,53
David Bowie,"""Heroes"" - 2017 Remastered Version",7Jh1bpe76CNTCgdgAdBw4Z,73
Deorro,Five More Hours - Deorro x Chris Brown,6YwLgicpvVuMt1eE2OldwQ,75
Carly Rae Jepsen,I Really Like You,6YhDHby2eVeENKJNa7C2z6,56
David Guetta,"Hey Mama (feat. Nicki Minaj, Bebe Rexha & Afrojack)",285HeuLxsngjFn4GGegGNm,72
Gente De Zona,La Gozadera,0OMRAvrtLWE2TvcXorRiB9,78
Ana Guerra,Don't You Worry `Bout A Thing - OperaciÃ³n Triunfo 2017,4jEEe2A9YMVbDRys7FekBl,53
Drake,One Dance,1xznGGDReH1oQq0xzbwXa3,84
Justin Timberlake,"CAN'T STOP THE FEELING! (Original Song from DreamWorks Animation's ""TROLLS"")",6JV2JOEocMgcZxYSZelKcc,81
Jennifer Lopez,Ain't Your Mama,2hgzdQdnfWwtdpZbhZlV72,75
The Chainsmokers,Don't Let Me Down,1i1fxkWeaMmKEB4T7zqbzK,84
Morat,CÃ³mo Te Atreves,2z0EshEO4XptiepEb9j3Og,69
Kungs,This Girl (Kungs Vs. Cookin' On 3 Burners) - Kungs Vs. Cookin' On 3 Burners,0tICYNayWWhH9GPeFrfjfD,78
Carlos Vives,La Bicicleta,0Gx4VrHzS7pZOEAGrmXXBH,76
Julia Michaels,Issues,1sXUWdKx03aP9Gmzft58rt,77
Miley Cyrus,Malibu,1UZOjK1BwmwWU14Erba9CZ,82
Bombai,Solo Si Es Contigo (feat. Bebe),0Ttqiz6DNvPkThvbnr9vYJ,60
Charlie Puth,Attention,4iLqG9SeJSnt0cSPICSjxv,89
Morat,"Yo Contigo, TÃº Conmigo - The Gong Gong Song / El Tema De La PelÃ­cula ""Gru 3 Mi Villano Favorito""",0zQ9yIFLb43bTFE6eu92FN,68
J Balvin,Mi Gente,2rb5MvYT7ZIxbKW5hfcHx8,82
DJ Khaled,Wild Thoughts,1OAh8uOEOvTDqkKFsKksCi,84
Calvin Harris,Feels,5bcTCxgc7xVfSaMV3RuVke,83